{
    "mlp-mlp-spatial_first": {
        "mae": 7.632009811179582,
        "rmse": 15.143583209015603,
        "mape": 37467253.1802689,
        "best_val_loss": 7.632009811179582,
        "train_losses": [
            27.32150492673716,
            16.06143424947732,
            6.035913481873698,
            6.039661914075409,
            6.034927787969939,
            6.032334370540766,
            6.034842202655075,
            6.031677272244679,
            6.030181578187709,
            6.030495867289629
        ],
        "val_losses": [
            24.298656521287075,
            7.6892655816189075,
            7.632009811179582,
            7.637246370315552,
            7.645838646556056,
            7.640717431001885,
            7.648447214170944,
            7.6428938699323075,
            7.651845668083014,
            7.650720078446144
        ]
    },
    "mlp-mlp-temporal_first": {
        "mae": 7.641481934037319,
        "rmse": 15.23069015990856,
        "mape": 37663781.254578486,
        "best_val_loss": 7.641481934037319,
        "train_losses": [
            27.459968395522484,
            17.3461989282588,
            6.0459866376295945,
            6.0350128942220325,
            6.033211235126509,
            6.037808915697986,
            6.035845924286192,
            6.030317425032341,
            6.030346578310919,
            6.029969726727195
        ],
        "val_losses": [
            25.577710213494857,
            7.918866566724556,
            7.641481934037319,
            7.641718356553898,
            7.660481113611266,
            7.647136814649715,
            7.643036143724308,
            7.663055070610934,
            7.65370911664741,
            7.6517070337783455
        ]
    },
    "mlp-gru-spatial_first": {
        "mae": 5.47852829389794,
        "rmse": 12.507807658439459,
        "mape": 17957742.816188227,
        "best_val_loss": 5.47852829389794,
        "train_losses": [
            27.11772211624555,
            16.305987776508132,
            5.602880854311735,
            5.242184118462276,
            5.027134134443944,
            4.856611876393144,
            4.7398711441556385,
            4.653767780495357,
            4.594938120458062,
            4.567510975422631
        ],
        "val_losses": [
            23.65022104230038,
            7.905364684171455,
            6.474058643607206,
            6.270892392757327,
            5.922817486385966,
            5.756952727118204,
            5.628669755957848,
            5.54277956097625,
            5.497064720198166,
            5.47852829389794
        ]
    },
    "mlp-gru-temporal_first": {
        "mae": 5.682021920071092,
        "rmse": 12.696937370300294,
        "mape": 19414215.366315406,
        "best_val_loss": 5.682021920071092,
        "train_losses": [
            27.096422288910233,
            16.63529060824471,
            5.789337032456103,
            5.471291073005703,
            5.286438796178046,
            5.100803486246489,
            4.931806418553534,
            4.820430971221301,
            4.737532609819392,
            4.7059152738355285
        ],
        "val_losses": [
            23.84859042278556,
            7.940199304181476,
            6.900350985416146,
            6.557231821015824,
            6.351291791782823,
            6.04389703218327,
            5.903600251397421,
            5.766088466866072,
            5.694308413461197,
            5.682021920071092
        ]
    },
    "mlp-attention-spatial_first": {
        "mae": 5.7119498973669005,
        "rmse": 12.968258125837458,
        "mape": 15887177.49246003,
        "best_val_loss": 5.7119498973669005,
        "train_losses": [
            27.1264103096035,
            16.24116955894016,
            5.632480193464175,
            5.408217774528049,
            5.223790261125064,
            5.087228248389209,
            4.994929937943556,
            4.936827724984257,
            4.895969262618307,
            4.877732825529617
        ],
        "val_losses": [
            23.70178128065065,
            7.376460343737935,
            6.741898553315983,
            6.410951135324877,
            6.130472864106644,
            5.9550707262615825,
            5.849197528528613,
            5.7534503448841186,
            5.71934254446695,
            5.7119498973669005
        ]
    },
    "mlp-attention-temporal_first": {
        "mae": 6.291482210159302,
        "rmse": 13.67129164185635,
        "mape": 23547313.031413518,
        "best_val_loss": 6.291482210159302,
        "train_losses": [
            27.1544369616336,
            16.545691576415766,
            5.7455328125658784,
            5.520153160273264,
            5.413782622460863,
            5.365105909394272,
            5.30052426342647,
            5.253436383177268,
            5.220692027547117,
            5.201807166759442
        ],
        "val_losses": [
            23.951830236301866,
            7.521351224322652,
            6.997748199729032,
            6.689018347096997,
            6.59175709901854,
            6.48151038413824,
            6.399864745694537,
            6.335639514479526,
            6.30268525301024,
            6.291482210159302
        ]
    }
}